{"cameraMode":{"drawMode":0,"name":"Shaded","section":"Shading Mode"},"sceneLighting":true,"audioPlay":false,"sceneViewState":{"m_AlwaysRefresh":false,"showFog":true,"showSkybox":true,"showFlares":true,"showImageEffects":true,"showParticleSystems":true,"showVisualEffectGraphs":true,"m_FxEnabled":true},"in2DMode":false,"pivot":{"x":0.45998668670654299,"y":0.48156142234802248,"z":-0.04876232147216797},"rotation":{"x":-0.0247349813580513,"y":0.9745944738388062,"z":-0.1746392548084259,"w":-0.13803668320178986},"size":3.403240203857422,"orthographic":false}